[
    { "index": 155, "codepoints": [8250] },
    { "index": 152, "codepoints": [732] },
    { "index": 130, "codepoints": [8218] },
    { "index": 154, "codepoints": [353] },
    { "index": 151, "codepoints": [8212] },
    { "index": 145, "codepoints": [8216] },
    { "index": 140, "codepoints": [338] },
    { "index": 153, "codepoints": [8482] },
    { "index": 137, "codepoints": [8240] },
    { "index": 138, "codepoints": [352] },
    { "index": 139, "codepoints": [8249] },
    { "index": 0, "codepoints": [65533] },
    { "index": 147, "codepoints": [8220] },
    { "index": 159, "codepoints": [376] },
    { "index": 150, "codepoints": [8211] },
    { "index": 149, "codepoints": [8226] },
    { "index": 131, "codepoints": [402] },
    { "index": 133, "codepoints": [8230] },
    { "index": 132, "codepoints": [8222] },
    { "index": 156, "codepoints": [339] },
    { "index": 134, "codepoints": [8224] },
    { "index": 142, "codepoints": [381] },
    { "index": 135, "codepoints": [8225] },
    { "index": 136, "codepoints": [710] },
    { "index": 128, "codepoints": [8364] },
    { "index": 146, "codepoints": [8217] },
    { "index": 148, "codepoints": [8221] },
    { "index": 158, "codepoints": [382] }
]